metabolite,state,time_point,qs,std_err,err_perc,ub,lb
Arginine,HP_TR,4,-0.009089955148935949,0.0012312917597105152,-0.13545630748845308,-0.007858663389225433,-0.010321246908646465
Arginine,HP_TR,24,-0.0025560090184450174,2.862451785551118e-4,-0.11198911134095017,-0.0022697638398899056,-0.002842254197000129
Arginine,HP_TR,48,-7.52637422493726e-4,1.0912015421807136e-4,-0.14498369461422972,-6.435172682756546e-4,-8.617575767117973e-4
Arginine,HP_TR,72,-2.495139780847638e-4,5.99978511661035e-5,-0.24045887780171293,-1.8951612691866032e-4,-3.0951182925086735e-4
Arginine,HP_MO,4,-0.011284703277252941,0.0014255860244330616,-0.12632906594067708,-0.00985911725281988,-0.012710289301686002
Arginine,HP_MO,24,-0.00229971091439178,2.1821400562605677e-4,-0.09488758098265986,-0.0020814969087657232,-0.002517924920017837
Arginine,HP_MO,48,-5.338375959031487e-4,7.771965582309247e-5,-0.14558670355842215,-4.561179400800562e-4,-6.115572517262412e-4
Arginine,HP_MO,72,-1.4479022699639453e-4,3.522848871942481e-5,-0.24330708950613114,-1.0956173827696971e-4,-1.8001871571581934e-4
Arginine,LP_TR,4,-0.007757408980143028,0.0014739903919582169,-0.19001065893666985,-0.006283418588184811,-0.009231399372101245
Arginine,LP_TR,24,-0.0022588827725782616,3.239647212577658e-4,-0.14341812031617576,-0.001934918051320496,-0.0025828474938360273
Arginine,LP_TR,48,-6.624547069760283e-4,1.4404811097658374e-4,-0.21744597699989818,-5.184065959994446e-4,-8.065028179526121e-4
Arginine,LP_TR,72,-2.1938034022999205e-4,8.069478206364098e-5,-0.3678305083265113,-1.3868555816635107e-4,-3.0007512229363303e-4
Arginine,LP_MO,4,-0.00772298631694276,0.001921695028988675,-0.24882797277172983,-0.005801291287954084,-0.009644681345931435
Arginine,LP_MO,24,-0.0020845168452597635,3.6360114054256187e-4,-0.17442945657618394,-0.0017209157047172016,-0.0024481179858023253
Arginine,LP_MO,48,-5.969080174413536e-4,1.0788593323657889e-4,-0.1807413036585301,-4.890220842047748e-4,-7.047939506779325e-4
Arginine,LP_MO,72,-1.8257970262326612e-4,5.417087969040567e-5,-0.2966971624561222,-1.2840882293286044e-4,-2.367505823136718e-4
Asparagine,HP_TR,4,-0.0048551369181917756,5.660844889734199e-4,-0.11659495880586819,-0.004289052429218356,-0.005421221407165195
Asparagine,HP_TR,24,-0.002908965419637501,3.422200609935962e-4,-0.11764322074211586,-0.0025667453586439046,-0.003251185480631097
Asparagine,HP_TR,48,-0.002123272366250005,1.8082910215623437e-4,-0.08516528780318644,-0.0019424432640937706,-0.0023041014684062394
Asparagine,HP_TR,72,-0.0017448516235388785,1.187214541590369e-4,-0.06804100277492253,-0.0016261301693798415,-0.0018635730776979155
Asparagine,HP_MO,4,-0.007398601250588969,9.451589407511274e-4,-0.1277483281959394,-0.006453442309837841,-0.008343760191340097
Asparagine,HP_MO,24,-0.0036061421327228936,3.830841146084578e-4,-0.10623100823793712,-0.0032230580181144357,-0.003989226247331352
Asparagine,HP_MO,48,-0.00238358634709487,1.7690770037633664e-4,-0.07421912807646044,-0.002206678646718533,-0.0025604940474712066
Asparagine,HP_MO,72,-0.0018408276186472896,1.0775698768194143e-4,-0.05853725063139013,-0.001733070630965348,-0.0019485846063292311
Asparagine,LP_TR,4,-0.004402620950838974,6.328075443784103e-4,-0.14373427815942705,-0.0037698134064605635,-0.005035428495217384
Asparagine,LP_TR,24,-0.0026575226375612133,3.803675295002932e-4,-0.14312861313924813,-0.00227715510806092,-0.0030378901670615067
Asparagine,LP_TR,48,-0.0018691574070070793,2.0833588125145557e-4,-0.11145978421637902,-0.0016608215257556238,-0.002077493288258535
Asparagine,LP_TR,72,-0.0014845464744325338,1.295527068712068e-4,-0.08726753193814842,-0.001354993767561327,-0.0016140991813037406
Asparagine,LP_MO,4,-0.003115754289868582,8.498232780887065e-4,-0.27275041579885007,-0.0022659310117798754,-0.0039655775679572885
Asparagine,LP_MO,24,-0.001989746399244276,4.245345120516605e-4,-0.21336111587532094,-0.0015652118871926153,-0.0024142809112959363
Asparagine,LP_MO,48,-0.0016014632946712904,2.2816867663356014e-4,-0.14247512096766043,-0.0013732946180377303,-0.0018296319713048505
Asparagine,LP_MO,72,-0.0013768268630943534,1.6751637220642493e-4,-0.12166843682141688,-0.0012093104908879285,-0.0015443432353007783
Aspartic acid,HP_TR,4,-0.003617346939622188,3.6490994374627277e-4,-0.10087778414320016,-0.003252436995875915,-0.003982256883368461
Aspartic acid,HP_TR,24,-0.0017371269873669383,1.8001639977682633e-4,-0.1036288084210167,-0.001557110587590112,-0.0019171433871437646
Aspartic acid,HP_TR,48,-9.72263334952064e-4,6.78409356902888e-5,-0.06977629748182738,-9.044223992617752e-4,-0.0010401042706423527
Aspartic acid,HP_TR,72,-6.126633407099139e-4,3.5346348301115024e-5,-0.05769293827856259,-5.773169924087988e-4,-6.48009689011029e-4
Aspartic acid,HP_MO,4,-0.0040456308866604574,4.416376409297343e-4,-0.10916409660256782,-0.0036039932457307233,-0.004487268527590192
Aspartic acid,HP_MO,24,-0.0016292864999374475,1.445041587917123e-4,-0.08869168117286935,-0.0014847823411457352,-0.00177379065872916
Aspartic acid,HP_MO,48,-8.564994516200806e-4,4.98189848000894e-5,-0.05816581050443886,-8.066804668199911e-4,-9.0631843642017e-4
Aspartic acid,HP_MO,72,-5.260789233949407e-4,2.7426868803303007e-5,-0.05213451363211707,-4.986520545916377e-4,-5.535057921982438e-4
Aspartic acid,LP_TR,4,-0.011329536289766304,0.0014356251236838837,-0.1267152588566797,-0.00989391116608242,-0.012765161413450188
Aspartic acid,LP_TR,24,-9.05691461463209e-4,1.8029751409043523e-4,-0.19907167259714667,-7.253939473727738e-4,-0.0010859889755536443
Aspartic acid,LP_TR,48,-5.6305670044141485e-5,2.3632241343453736e-5,-0.4197133490273176,-3.2673428700687746e-5,-7.993791138759523e-5
Aspartic acid,LP_TR,72,-3.952783309053966e-6,2.629699126837559e-6,-0.6652778362057328,-1.3230841822164073e-6,-6.582482435891525e-6
Aspartic acid,LP_MO,4,-0.013394506399520887,0.0031349309580346973,-0.23404602338663497,-0.01025957544148619,-0.016529437357555583
Aspartic acid,LP_MO,24,-5.355413764787226e-4,1.4356602072181188e-4,-0.2680764307433785,-3.919753557569107e-4,-6.791073972005345e-4
Aspartic acid,LP_MO,48,-1.550495253030925e-5,7.807754914089155e-6,-0.5035652252934326,-7.697197616220094e-6,-2.3312707444398404e-5
Aspartic acid,LP_MO,72,-4.79502561405456e-7,3.777450851227975e-7,-0.78778533323284,-1.0175747628265853e-7,-8.572476465282535e-7
Glucose,HP_TR,4,-0.09592206412714704,0.018614093180773707,-0.1940543434939043,-0.07730797094637334,-0.11453615730792074
Glucose,HP_TR,24,-0.025727943320628596,0.0035702648408366513,-0.1387699279473312,-0.022157678479791946,-0.029298208161465247
Glucose,HP_TR,48,-0.007158327975092839,0.0017683697578412447,-0.24703670521862475,-0.005389958217251594,-0.008926697732934084
Glucose,HP_TR,72,-0.002242351856047548,9.616580262692682e-4,-0.42886134202164067,-0.0012806938297782798,-0.0032040098823168162
Glucose,HP_MO,4,-0.08940200522367939,0.025353000678419557,-0.28358425087879857,-0.06404900454525983,-0.11475500590209894
Glucose,HP_MO,24,-0.024325393708698927,0.004062298776158875,-0.16699827451122276,-0.02026309493254005,-0.028387692484857802
Glucose,HP_MO,48,-0.007987874022722871,0.0021548452897221784,-0.2697645560749147,-0.005833028733000693,-0.01014271931244505
Glucose,HP_MO,72,-0.0030647617525857225,0.001497651455711866,-0.4886681499624908,-0.0015671102968738565,-0.004562413208297589
Glucose,LP_TR,4,-0.08935579584538997,0.022678329425759838,-0.2537980800372431,-0.06667746641963013,-0.11203412527114981
Glucose,LP_TR,24,-0.029640568910879763,0.0052956581348497355,-0.1786624997236787,-0.02434491077603003,-0.0349362270457295
Glucose,LP_TR,48,-0.010163731788565477,0.002415027259920154,-0.23761225799338162,-0.007748704528645323,-0.01257875904848563
Glucose,LP_TR,72,-0.003935490561444284,0.0015846321403071833,-0.40265174457073016,-0.002350858421137101,-0.005520122701751467
Glucose,LP_MO,4,-0.11009516695636373,0.03133309310534869,-0.284600078019479,-0.07876207385101505,-0.1414282600617124
Glucose,LP_MO,24,-0.03251030476003802,0.00626283731095907,-0.19264160570581332,-0.02624746744907895,-0.038773142070997094
Glucose,LP_MO,48,-0.010369605035452346,0.0024397693270006944,-0.2352808345794692,-0.007929835708451651,-0.012809374362453042
Glucose,LP_MO,72,-0.003533023037665628,0.001415024057752903,-0.40051367983375813,-0.002117998979912725,-0.004948047095418531
Glutamate,HP_TR,4,0.0023921372530059846,5.954212850346752e-4,0.24890765957783675,0.0029875585380406597,0.0017967159679713094
Glutamate,HP_TR,24,0.0019505629197005628,5.515655104746965e-4,0.28277247809025774,0.0025021284301752593,0.0013989974092258662
Glutamate,HP_TR,48,0.002060778260848351,6.447506128780337e-4,0.31286753413858914,0.0027055288737263847,0.001416027647970317
Glutamate,HP_TR,72,0.002451253405248121,8.606208431492453e-4,0.35109419585370505,0.0033118742483973663,0.001590632562098876
Glutamate,HP_MO,4,0.002761887929161854,6.368394697620007e-4,0.2305812133207235,0.0033987273989238547,0.0021250484593998533
Glutamate,HP_MO,24,0.0019929339331618222,5.066957022518278e-4,0.25424611113322093,0.0024996296354136503,0.0014862382309099944
Glutamate,HP_MO,48,0.002109372640145541,6.025913151074672e-4,0.28567323935039285,0.002711963955253008,0.001506781325038074
Glutamate,HP_MO,72,0.0026086024554388774,8.471891145266971e-4,0.32476742968646943,0.0034557915699655745,0.0017614133409121803
Glutamate,LP_TR,4,-0.008091740148313856,0.0012383565498891853,-0.15303958446407007,-0.00685338359842467,-0.009330096698203042
Glutamate,LP_TR,24,-0.0019137243810400627,2.577505492717746e-4,-0.13468530360244116,-0.0016559738317682882,-0.002171474930311837
Glutamate,LP_TR,48,-4.3725464906739443e-4,9.707505064950723e-5,-0.22201033392453415,-3.401795984178872e-4,-5.343296997169017e-4
Glutamate,LP_TR,72,-1.1281542923415668e-4,4.1166557383011604e-5,-0.3649018371198801,-7.164887185114507e-5,-1.5398198661716828e-4
Glutamate,LP_MO,4,-0.010077564942790529,0.002414011076183071,-0.23954309298795937,-0.007663553866607458,-0.0124915760189736
Glutamate,LP_MO,24,-0.0017676742135558576,3.222477489194358e-4,-0.18230041850935952,-0.0014454264646364219,-0.0020899219624752933
Glutamate,LP_MO,48,-3.0178385540739023e-4,7.304268804148447e-5,-0.24203643346951478,-2.2874116736590577e-4,-3.748265434488747e-4
Glutamate,LP_MO,72,-5.5034225436511894e-5,2.1501775327046525e-5,-0.39069824561901423,-3.353245010946537e-5,-7.653600076355842e-5
Glutamine,HP_TR,4,-0.02654175306521566,0.003394587195304029,-0.12789611850291877,-0.023147165869911633,-0.029936340260519688
Glutamine,HP_TR,24,-0.011377379342225644,0.0013105014947278532,-0.11518482906376337,-0.01006687784749779,-0.012687880836953496
Glutamine,HP_TR,48,-0.005849965252032864,4.6508245185331373e-4,-0.07950174604741413,-0.00538488280017955,-0.0063150477038861775
Glutamine,HP_TR,72,-0.002952618481536293,2.7285569921801434e-4,-0.0924114310481601,-0.0026797627823182788,-0.0032254741807543077
Glutamine,HP_MO,4,-0.036383831731062063,0.005745988515286257,-0.15792697585451723,-0.030637843215775805,-0.04212982024634832
Glutamine,HP_MO,24,-0.012263326832682058,0.0013672366527366587,-0.11148986497635703,-0.0108960901799454,-0.013630563485418717
Glutamine,HP_MO,48,-0.005522128842797506,4.8676854576945936e-4,-0.08814871214103415,-0.005035360297028046,-0.006008897388566965
Glutamine,HP_MO,72,-0.002252930734887499,3.582022863908263e-4,-0.1589939188293391,-0.0018947284484966728,-0.0026111330212783253
Glutamine,LP_TR,4,-0.04699522802997921,0.007528899231634501,-0.16020561123422283,-0.039466328798344705,-0.05452412726161371
Glutamine,LP_TR,24,-0.014582325079904984,0.0019397522153417612,-0.13302077718832478,-0.012642572864563223,-0.016522077295246747
Glutamine,LP_TR,48,-0.005364847360760551,7.78424868428891e-4,-0.14509730027408219,-0.0045864224923316595,-0.006143272229189442
Glutamine,LP_TR,72,-0.0020146315132369644,4.529089847389004e-4,-0.22480983830695617,-0.001561722528498064,-0.002467540497975865
Glutamine,LP_MO,4,-0.04504197530735533,0.01161528637434889,-0.2578769313532331,-0.03342668893300644,-0.056657261681704214
Glutamine,LP_MO,24,-0.013756376935420868,0.0024590566810783086,-0.17875758221967297,-0.01129732025434256,-0.016215433616499176
Glutamine,LP_MO,48,-0.005202699184331449,8.1360714013289e-4,-0.1563817378838979,-0.0043890920441985596,-0.006016306324464339
Glutamine,LP_MO,72,-0.0018761755759171552,4.813982896754952e-4,-0.256584882489032,-0.00139477728624166,-0.0023575738655926505
Histidine,HP_TR,4,-0.001764844440592475,2.18284303360703e-4,-0.12368472729949098,-0.0015465601372317722,-0.001983128743953178
Histidine,HP_TR,24,-9.998443319406997e-4,1.2074394399699485e-4,-0.1207627428988177,-8.791003879437049e-4,-0.0011205882759376946
Histidine,HP_TR,48,-6.823798516263617e-4,5.803855979422787e-5,-0.08505315574001882,-6.243412918321338e-4,-7.404184114205895e-4
Histidine,HP_TR,72,-5.243311343987033e-4,3.4270689984246884e-5,-0.06536077630321935,-4.900604444144564e-4,-5.586018243829502e-4
Histidine,HP_MO,4,-0.001991837992452459,2.531464849121981e-4,-0.12709190500001982,-0.0017386915075402608,-0.002244984477364657
Histidine,HP_MO,24,-9.526401935846521e-4,9.99831174556914e-5,-0.10495370458753044,-8.526570761289607e-4,-0.0010526233110403436
Histidine,HP_MO,48,-6.155381222920655e-4,4.4445658118960796e-5,-0.0722061827031273,-5.710924641731047e-4,-6.599837804110262e-4
Histidine,HP_MO,72,-4.647026968120017e-4,2.6343877675310604e-5,-0.056689745628844886,-4.383588191366911e-4,-4.910465744873123e-4
Histidine,LP_TR,4,-0.0015497557136650083,2.251375865747613e-4,-0.14527295146557953,-0.001324618127090247,-0.0017748933002397695
Histidine,LP_TR,24,-8.782323619650463e-4,1.238798246991797e-4,-0.1410558641018402,-7.543525372658666e-4,-0.001002112186664226
Histidine,LP_TR,48,-5.726311326737109e-4,6.0646753754498706e-5,-0.10590893560280042,-5.119843789192121e-4,-6.332778864282096e-4
Histidine,LP_TR,72,-4.216183399486062e-4,3.3916237110706807e-5,-0.08044298337411289,-3.877021028378994e-4,-4.5553457705931305e-4
Histidine,LP_MO,4,-0.001469716109409821,3.98305162430649e-4,-0.27100823069197516,-0.001071410946979172,-0.0018680212718404701
Histidine,LP_MO,24,-8.531358329926733e-4,1.7437801845597597e-4,-0.2043965470824076,-6.787578145366973e-4,-0.0010275138514486493
Histidine,LP_MO,48,-6.123471329224016e-4,7.483773692652229e-5,-0.12221456246453259,-5.375093959958792e-4,-6.871848698489239e-4
Histidine,LP_MO,72,-4.694834358090944e-4,4.62871680187469e-5,-0.09859169565583695,-4.231962677903475e-4,-5.157706038278413e-4
Isoleucine,HP_TR,4,-0.010862073253730495,0.0010669108928662648,-0.09822350374039712,-0.00979516236086423,-0.01192898414659676
Isoleucine,HP_TR,24,-0.004733159898877878,4.8172663771099694e-4,-0.10177696253726883,-0.004251433261166881,-0.005214886536588875
Isoleucine,HP_TR,48,-0.0023575448960863063,1.6280115672158166e-4,-0.06905537917510851,-0.0021947437393647247,-0.002520346052807888
Isoleucine,HP_TR,72,-0.0013220698859238204,7.955074551891578e-5,-0.060171361866644624,-0.0012425191404049046,-0.0014016206314427361
Isoleucine,HP_MO,4,-0.014832567364042041,0.001569570395767526,-0.1058191988780424,-0.013262996968274515,-0.016402137759809567
Isoleucine,HP_MO,24,-0.004755545551713914,4.0769074350850205e-4,-0.08572954229437861,-0.004347854808205412,-0.005163236295222416
Isoleucine,HP_MO,48,-0.0019015044793727976,1.1295165564539499e-4,-0.059401204083753496,-0.0017885528237274026,-0.0020144561350181923
Isoleucine,HP_MO,72,-8.883590744111152e-4,5.605972314635643e-5,-0.06310480160684787,-8.322993512647588e-4,-9.444187975574716e-4
Isoleucine,LP_TR,4,-0.007878230963618775,0.0010526427629170324,-0.133614102934793,-0.006825588200701742,-0.008930873726535808
Isoleucine,LP_TR,24,-0.0037530631574816575,4.8192923058419293e-4,-0.1284095711588217,-0.0032711339268974645,-0.00423499238806585
Isoleucine,LP_TR,48,-0.0019869391234149246,1.8930122327647726e-4,-0.09527278467954664,-0.0017976379001384474,-0.002176240346691402
Isoleucine,LP_TR,72,-0.0011878518215996546,1.0070118033139502e-4,-0.08477587734451836,-0.0010871506412682597,-0.0012885530019310495
Isoleucine,LP_MO,4,-0.007559515059916846,0.001913227239529297,-0.25308862068069515,-0.005646287820387549,-0.009472742299446143
Isoleucine,LP_MO,24,-0.0035958826922000745,6.548906301812399e-4,-0.18212235666135068,-0.0029409920620188344,-0.004250773322381315
Isoleucine,LP_MO,48,-0.0020324376933728754,2.0397472211297315e-4,-0.10035964338688906,-0.0018284629712599022,-0.0022364124154858485
Isoleucine,LP_MO,72,-0.0012270776502720216,1.3251619562710282e-4,-0.1079933251149398,-0.0010945614546449187,-0.0013595938458991245
Leucine,HP_TR,4,-0.014273389362730015,0.0014451898534857653,-0.10125064319056377,-0.01282819950924425,-0.01571857921621578
Leucine,HP_TR,24,-0.006177593518946951,6.368234258835693e-4,-0.10308600330054153,-0.005540770093063381,-0.0068144169448305205
Leucine,HP_TR,48,-0.003052057028260396,2.1464195835749789e-4,-0.07032698156359123,-0.0028374150699028984,-0.003266698986617894
Leucine,HP_TR,72,-0.001697663475678846,1.0800004847376189e-4,-0.0636168769729677,-0.001589663427205084,-0.001805663524152608
Leucine,HP_MO,4,-0.02098669920446686,0.002224107215678864,-0.10597699018840845,-0.018762591988787998,-0.023210806420145724
Leucine,HP_MO,24,-0.006519697311880768,5.578165321148996e-4,-0.08555865486245766,-0.005961880779765868,-0.007077513843995668
Leucine,HP_MO,48,-0.002510056947389254,1.5102881164447357e-4,-0.06016947615533615,-0.0023590281357447804,-0.0026610857590337275
Leucine,HP_MO,72,-0.0011291038790132947,7.497646195988545e-5,-0.06640351109714204,-0.0010541274170534091,-0.0012040803409731802
Leucine,LP_TR,4,-0.012120948514165283,0.0016416312824905149,-0.13543752624408922,-0.010479317231674768,-0.013762579796655797
Leucine,LP_TR,24,-0.005459548939678942,6.989028657946363e-4,-0.12801476340199938,-0.004760646073884306,-0.006158451805473578
Leucine,LP_TR,48,-0.002702408778614652,2.608964744939802e-4,-0.09654219471109206,-0.0024415123041206716,-0.002963305253108632
Leucine,LP_TR,72,-0.001510512560930371,1.4270950099570023e-4,-0.09447753344586626,-0.0013678030599346708,-0.0016532220619260712
Leucine,LP_MO,4,-0.012396423801063703,0.00311021043407677,-0.250895781234092,-0.009286213366986934,-0.015506634235140473
Leucine,LP_MO,24,-0.005505542757338426,9.859743686331233e-4,-0.17908758719908266,-0.004519568388705302,-0.00649151712597155
Leucine,LP_MO,48,-0.0028657773118655958,2.913129224139435e-4,-0.10165232351019673,-0.002574464389451652,-0.0031570902342795393
Leucine,LP_MO,72,-0.0015934110345344264,1.9351909781132514e-4,-0.12144957805433351,-0.0013998919367231013,-0.0017869301323457515
Lysine,HP_TR,4,-0.006127861604016849,7.098246045389603e-4,-0.11583561287899619,-0.005418036999477889,-0.006837686208555809
Lysine,HP_TR,24,-0.0031082852017684033,3.49341535421884e-4,-0.11239043805347475,-0.0027589436663465194,-0.003457626737190287
Lysine,HP_TR,48,-0.0018577950980161685,1.402486374129755e-4,-0.07549198378375467,-0.001717546460603193,-0.001998043735429144
Lysine,HP_TR,72,-0.0012501450619286137,7.60769147781363e-5,-0.06085446968911875,-0.0011740681471504775,-0.00132622197670675
Lysine,HP_MO,4,-0.008397825375165105,0.0010724008514637522,-0.1276998274619003,-0.007325424523701353,-0.009470226226628856
Lysine,HP_MO,24,-0.003337514828022818,3.3290443129232897e-4,-0.09974620292235387,-0.003004610396730489,-0.003670419259315147
Lysine,HP_MO,48,-0.0017268198325508521,1.1394233389637579e-4,-0.06598391548935396,-0.0016128774986544764,-0.0018407621664472279
Lysine,HP_MO,72,-0.0010439147528869082,6.911217579434281e-5,-0.06620480801063076,-9.748025770925653e-4,-0.0011130269286812509
Lysine,LP_TR,4,-0.006843744591846869,9.622405088856778e-4,-0.14060146400437268,-0.005881504082961191,-0.007805985100732547
Lysine,LP_TR,24,-0.003208970838037478,4.2204916007354174e-4,-0.13152165643601044,-0.0027869216779639362,-0.00363101999811102
Lysine,LP_TR,48,-0.0016668719341870184,1.6263437286917365e-4,-0.09756860712187534,-0.0015042375613178447,-0.0018295063070561922
Lysine,LP_TR,72,-9.777272434134813e-4,8.914655850654565e-5,-0.09117732896069618,-8.885806849069357e-4,-0.001066873801920027
Lysine,LP_MO,4,-0.006203296234340174,0.0015417886474033467,-0.24854344999168693,-0.004661507586936827,-0.00774508488174352
Lysine,LP_MO,24,-0.0029935639282153126,5.375130657360201e-4,-0.17955623418286973,-0.0024560508624792924,-0.003531076993951333
Lysine,LP_MO,48,-0.0017214942913108238,1.6797074660418113e-4,-0.09757264223994642,-0.0015535235447066427,-0.001889465037915005
Lysine,LP_MO,72,-0.001057464305422485,1.0642286563674094e-4,-0.1006396765271639,-9.510414397857441e-4,-0.001163887171059226
Methionine,HP_TR,4,-0.004095258240214898,4.39731078582056e-4,-0.10737566541322219,-0.0036555271616328425,-0.004534989318796955
Methionine,HP_TR,24,-0.0017609848774883452,1.859731740449493e-4,-0.10560747932724944,-0.0015750117034433958,-0.0019469580515332945
Methionine,HP_TR,48,-8.63271659572845e-4,6.266709250078678e-5,-0.07259255160976215,-8.006045670720583e-4,-9.259387520736317e-4
Methionine,HP_TR,72,-4.764583979869742e-4,3.345946586364854e-5,-0.07022536701003491,-4.4299893212332563e-4,-5.099178638506227e-4
Methionine,HP_MO,4,-0.0055569368051242634,6.09311991216804e-4,-0.10964889697052775,-0.004947624813907459,-0.006166248796341068
Methionine,HP_MO,24,-0.0018061680923309614,1.5783749905183968e-4,-0.08738804528882,-0.0016483305932791217,-0.0019640055913828012
Methionine,HP_MO,48,-7.341445890190858e-4,4.549811747498503e-5,-0.06197432788516023,-6.886464715441008e-4,-7.796427064940709e-4
Methionine,HP_MO,72,-3.486576686688871e-4,2.4780680812879142e-5,-0.07107453252781551,-3.23876987856008e-4,-3.7343834948176625e-4
Methionine,LP_TR,4,-0.00433586068244336,5.993691145964465e-4,-0.13823532592349988,-0.0037364915678469134,-0.004935229797039807
Methionine,LP_TR,24,-0.0016403518283943427,2.063423420600557e-4,-0.12579151526415755,-0.001434009486334287,-0.0018466941704543983
Methionine,LP_TR,48,-6.585990861403387e-4,7.10187006008981e-5,-0.10783297774841576,-5.875803855394406e-4,-7.296177867412368e-4
Methionine,LP_TR,72,-2.9859618791243684e-4,4.113624897729815e-5,-0.13776548610647812,-2.574599389351387e-4,-3.39732436889735e-4
Methionine,LP_MO,4,-0.004414091253899958,0.001031240904041637,-0.23362473603836587,-0.003382850349858321,-0.0054453321579415945
Methionine,LP_MO,24,-0.0015751701601987053,2.6454562367427453e-4,-0.16794733061785688,-0.0013106245365244308,-0.0018397157838729798
Methionine,LP_MO,48,-6.305923665786913e-4,6.221399462217712e-5,-0.09865960629958478,-5.683783719565141e-4,-6.928063612008684e-4
Methionine,LP_MO,72,-2.696578220470993e-4,3.312180333899631e-5,-0.12282901006747413,-2.36536018708103e-4,-3.027796253860956e-4
Phenylalanine,HP_TR,4,-0.003971574501502125,4.62812463613914e-4,-0.11653123048273917,-0.0035087620378882107,-0.0044343869651160385
Phenylalanine,HP_TR,24,-0.001939630388548816,2.1729973323798225e-4,-0.11203151616971756,-0.0017223306553108338,-0.002156930121786798
Phenylalanine,HP_TR,48,-0.0011077688673773387,8.331090327642482e-5,-0.07520603415554075,-0.0010244579641009138,-0.0011910797706537635
Phenylalanine,HP_TR,72,-7.123033336472207e-4,4.536171210946988e-5,-0.06368313886333146,-6.669416215377508e-4,-7.576650457566906e-4
Phenylalanine,HP_MO,4,-0.0041820659522239885,5.119698457985407e-4,-0.12242031848547949,-0.0036700961064254477,-0.004694035798022529
Phenylalanine,HP_MO,24,-0.0017016746649149794,1.6509156533016226e-4,-0.09701711421930978,-0.0015365830995848172,-0.0018667662302451417
Phenylalanine,HP_MO,48,-9.056815206287937e-4,5.771949528167936e-5,-0.06373045487513762,-8.479620253471143e-4,-9.634010159104731e-4
Phenylalanine,HP_MO,72,-5.63207803373775e-4,3.368275754860034e-5,-0.05980520395284128,-5.295250458251747e-4,-5.968905609223753e-4
Phenylalanine,LP_TR,4,-0.0036519391287371888,5.386595540209921e-4,-0.14749959816752375,-0.0031132795747161966,-0.004190598682758181
Phenylalanine,LP_TR,24,-0.0017260878931129465,2.3352788640804208e-4,-0.13529316052781165,-0.0014925600067049044,-0.0019596157795209886
Phenylalanine,LP_TR,48,-9.052327327207364e-4,9.028603784922691e-5,-0.09973792880629305,-8.149466948715095e-4,-9.955187705699632e-4
Phenylalanine,LP_TR,72,-5.360886480024294e-4,5.033674926560009e-5,-0.09389631631478229,-4.857518987368293e-4,-5.864253972680295e-4
Phenylalanine,LP_MO,4,-0.003215180651912512,8.1707637601566e-4,-0.2541307828316371,-0.002398104275896852,-0.004032257027928172
Phenylalanine,LP_MO,24,-0.0015765072773396731,2.8957596330861867e-4,-0.18368197056297308,-0.0012869313140310545,-0.0018660832406482918
Phenylalanine,LP_MO,48,-9.241075760447842e-4,9.297058202142927e-5,-0.10060580005127424,-8.31136994023355e-4,-0.0010170781580662136
Phenylalanine,LP_MO,72,-5.786182954853648e-4,5.94815900604492e-5,-0.10279935930915217,-0.00051913670542491565,-6.38099885545814e-4
Serine,HP_TR,4,-0.040509924144304564,0.004353703516826916,-0.10747251713723632,-0.03615622062747765,-0.04486362766113148
Serine,HP_TR,24,-0.00949510879904842,9.9276022197189e-4,-0.1045549074773511,-0.00850234857707653,-0.010487869021020309
Serine,HP_TR,48,-0.0022472367106915313,2.74488195950579e-4,-0.12214476323062204,-0.0019727485147409524,-0.0025217249066421103
Serine,HP_TR,72,-5.988021370288608e-4,1.1288205825084364e-4,-0.18851311855856487,-4.8592007877801713e-4,-7.116841952797044e-4
Serine,HP_MO,4,-0.049894230302191575,0.005707136244302591,-0.11438469357551966,-0.04418709405788898,-0.05560136654649417
Serine,HP_MO,24,-0.008426615005842453,7.908563244657974e-4,-0.09385219615675693,-0.007635758681376656,-0.009217471330308251
Serine,HP_MO,48,-0.001561322899339663,2.141747043777197e-4,-0.13717515093662017,-0.0013471481949619433,-0.0017754976037173827
Serine,HP_MO,72,-3.380076189289531e-4,7.462797493169507e-5,-0.22078784841646235,-2.6337964399725803e-4,-4.1263559386064817e-4
Serine,LP_TR,4,-0.026453225422545617,0.003450397567705835,-0.13043390787291753,-0.023002827854839782,-0.02990362299025145
Serine,LP_TR,24,-0.007994676121345447,9.745515308397203e-4,-0.12190006399855387,-0.007020124590505727,-0.008969227652185167
Serine,LP_TR,48,-0.0024515325032684865,3.122599477761256e-4,-0.12737336639828656,-0.002139272555492361,-0.002763792451044612
Serine,LP_TR,72,-8.48893983097933e-4,1.5587911488056122e-4,-0.18362612762514793,-6.930148682173717e-4,-0.0010047730979784943
Serine,LP_MO,4,-0.026765738661027036,0.006474934061079534,-0.241911278559539,-0.020290804599947504,-0.03324067272210657
Serine,LP_MO,24,-0.007775565510525819,0.001334098002118788,-0.17157568800787715,-0.006441467508407031,-0.009109663512644606
Serine,LP_MO,48,-0.0024319414631884784,3.4614189482437915e-4,-0.1423315075892321,-0.0020857995683640994,-0.0027780833580128574
Serine,LP_MO,72,-8.124887004747457e-4,1.7909323164594612e-4,-0.220425504430154,-6.333954688287996e-4,-9.915819321206919e-4
Threonine,HP_TR,4,-0.004681196696725296,5.411130883537826e-4,-0.11559289716074421,-0.004140083608371513,-0.005222309785079079
Threonine,HP_TR,24,-0.002598555329311064,2.976752211478387e-4,-0.11455412081864702,-0.0023008801081632253,-0.0028962305504589025
Threonine,HP_TR,48,-0.0017306319591004766,1.370491511770634e-4,-0.07919023479047323,-0.0015935828079234131,-0.00186768111027754
Threonine,HP_TR,72,-0.0012976665675451273,7.92360825341587e-5,-0.061060433023295266,-0.0012184304850109686,-0.001376902650079286
Threonine,HP_MO,4,-0.0055850663669429175,6.632845070203037e-4,-0.11876036262454727,-0.004921781859922614,-0.006248350873963221
Threonine,HP_MO,24,-0.00257292766976497,2.503999747374357e-4,-0.0973210314770757,-0.0023225276950275342,-0.002823327644502406
Threonine,HP_MO,48,-0.0015893620963399766,1.0332509021043492e-4,-0.06501041546691881,-0.0014860370061295417,-0.0016926871865504114
Threonine,HP_MO,72,-0.0011471291318591195,5.993275713418032e-5,-0.0522458679408211,-0.0010871963747249391,-0.0012070618889933
Threonine,LP_TR,4,-0.004572728254130344,6.201923577194359e-4,-0.1356285183050717,-0.003952535896410908,-0.00519292061184978
Threonine,LP_TR,24,-0.0024920464226492315,3.3213154628148955e-4,-0.133276628903409,-0.002159914876367742,-0.002824177968930721
Threonine,LP_TR,48,-0.0015504690512805873,1.535843914948028e-4,-0.09905672826423204,-0.0013968846597857845,-0.00170405344277539
Threonine,LP_TR,72,-0.0010893039882806119,8.324034738981449e-5,-0.07641608612964265,-0.0010060636408907974,-0.0011725443356704263
Threonine,LP_MO,4,-0.004091585224227682,0.0010391988143229503,-0.25398439904648623,-0.0030523864099047315,-0.005130784038550632
Threonine,LP_MO,24,-0.002304570626069132,4.340542094109521e-4,-0.18834493701384677,-0.00187051641665818,-0.0027386248354800843
Threonine,LP_MO,48,-0.001595386663980256,1.6894774176050013e-4,-0.10589767708036386,-0.001426438922219756,-0.001764334405740756
Threonine,LP_MO,72,-0.001179736381728152,1.0518796736596577e-4,-0.08916226454920363,-0.001074548414362186,-0.0012849243490941178
Tryptophan,HP_TR,4,-9.699433682215484e-4,1.8435275986761028e-4,-0.1900654882620957,-7.855906083539382e-4,-0.0011542961280891586
Tryptophan,HP_TR,24,-6.030718896451185e-4,1.0908624496319536e-4,-0.18088431385417061,-4.939856446819231e-4,-7.121581346083138e-4
Tryptophan,HP_TR,48,-4.6019192269491357e-4,6.851000184540807e-5,-0.14887267347981487,-3.916819208495055e-4,-5.287019245403216e-4
Tryptophan,HP_TR,72,-3.9536165222830224e-4,5.004104422501561e-5,-0.12657030327291158,-3.4532060800328664e-4,-4.4540269645331783e-4
Tryptophan,HP_MO,4,-9.963922062094443e-4,2.8807023697165364e-4,-0.2891132981334265,-0.00070832196923779065,-0.0012844624431810978
Tryptophan,HP_MO,24,-5.288839448705677e-4,1.36873841271713e-4,-0.25879749725662354,-3.920101035988547e-4,-6.657577861422807e-4
Tryptophan,HP_MO,48,-3.8725108610399836e-4,8.542301641647381e-5,-0.22058819066432006,-3.0182806968752455e-4,-4.7267410252047217e-4
Tryptophan,HP_MO,72,-3.3129820949384935e-4,6.243020160827877e-5,-0.18844110779728743,-2.688680078855706e-4,-3.937284111021281e-4
Tryptophan,LP_TR,4,-8.433168034295656e-4,1.3773174035663628e-4,-0.1633214704088838,-7.055850630729294e-4,-9.810485437862018e-4
Tryptophan,LP_TR,24,-5.290883927801417e-4,8.510944697962646e-5,-0.1608605445536451,-4.439789458005152e-4,-6.141978397597682e-4
Tryptophan,LP_TR,48,-3.897833658637593e-4,5.0820464220113547e-5,-0.1303813057991725,-3.3896290164364576e-4,-4.4060383008387286e-4
Tryptophan,LP_TR,72,-3.2426299334022666e-4,3.4478626238531664e-5,-0.10632920483268232,-2.89784367101695e-4,-3.5874161957875835e-4
Tryptophan,LP_MO,4,-4.109500962222997e-4,1.7268987722357754e-4,-0.4202210409756481,-2.3826021899872216e-4,-5.836399734458772e-4
Tryptophan,LP_MO,24,-2.777924783162043e-4,1.0318499330936719e-4,-0.37144631825457225,-1.7460748500683712e-4,-3.809774716255715e-4
Tryptophan,LP_MO,48,-2.393734549168295e-4,7.624113478613114e-5,-0.3185028799982069,-1.6313232013069834e-4,-3.1561458970296065e-4
Tryptophan,LP_MO,72,-2.2033047659407941e-4,6.42620072434662e-5,-0.2916619082246065,-1.560684693506132e-4,-2.845924838375456e-4
Tyrosine,HP_TR,4,-0.0033210675410052177,3.685878523925331e-4,-0.1109847504880823,-0.0029524796886126847,-0.0036896553933977506
Tyrosine,HP_TR,24,-0.0014571677526577457,1.5636183947744854e-4,-0.10730531141130341,-0.0013008059131802972,-0.0016135295921351942
Tyrosine,HP_TR,48,-7.318303578011526e-4,5.364685198590885e-5,-0.07330503772362688,-6.781835058152437e-4,-7.854772097870614e-4
Tyrosine,HP_TR,72,-4.1380614490392254e-4,2.942247742075527e-5,-0.07110207951983549,-3.843836674831673e-4,-4.432286223246778e-4
Tyrosine,HP_MO,4,-0.004453049929839697,6.027403266103481e-4,-0.13535449548216627,-0.003850309603229349,-0.005055790256450045
Tyrosine,HP_MO,24,-0.0014687874697665983,1.460457099799944e-4,-0.09943284034360818,-0.001322741759786604,-0.0016148331797465926
Tyrosine,HP_MO,48,-6.076266577113295e-4,4.822222476818809e-5,-0.0793616016614884,-5.594044329431414e-4,-6.558488824795176e-4
Tyrosine,HP_MO,72,-2.937033243500757e-4,3.379654760960961e-5,-0.11507036116937605,-2.5990677674046607e-4,-3.274998719596853e-4
Tyrosine,LP_TR,4,-0.003205572293695439,4.3713422458499637e-4,-0.13636698365678115,-0.0027684380691104424,-0.0036427065182804354
Tyrosine,LP_TR,24,-0.001299066669690077,1.638919895676438e-4,-0.12616133828354176,-0.0011351746801224333,-0.0014629586592577208
Tyrosine,LP_TR,48,-0.00056643824536736255,5.738374121170231e-5,-0.1013062618582299,-5.090545041556602e-4,-6.238219865790649e-4
Tyrosine,LP_TR,72,-2.7890269827002186e-4,3.273018661711062e-5,-0.11735342404404646,-2.4617251165291124e-4,-3.116328848871325e-4
Tyrosine,LP_MO,4,-0.0033049120368305583,8.342376170521891e-4,-0.2524235464530641,-0.002470674419778369,-0.004139149653882747
Tyrosine,LP_MO,24,-0.001285407292976938,2.2795443802451463e-4,-0.1773402401479952,-0.0010574528549524233,-0.0015133617310014527
Tyrosine,LP_MO,48,-5.706050567419704e-4,6.575441012593963e-5,-0.11523629058141,-5.048506466160307e-4,-6.3635946686791e-4
Tyrosine,LP_MO,72,-2.705662064769467e-4,4.444260699819808e-5,-0.16425778953287268,-2.261235994787486e-4,-3.1500881347514475e-4
Valine,HP_TR,4,-0.01100508635475609,0.0010998521794228647,-0.09994034975904932,-0.009905234175333226,-0.012104938534178954
Valine,HP_TR,24,-0.005041458118109841,5.187353854046553e-4,-0.1028939194280446,-0.0045227227327051854,-0.005560193503514496
Valine,HP_TR,48,-0.002666453848220562,1.855163077054359e-4,-0.06957416788940068,-0.002480937540515126,-0.002851970155925998
Valine,HP_TR,72,-0.0015878066775972229,9.408333965080392e-5,-0.05925364906083984,-0.0014937233379464189,-0.001681890017248027
Valine,HP_MO,4,-0.013856321781242973,0.0015551734261805713,-0.11223566042510492,-0.012301148355062401,-0.015411495207423544
Valine,HP_MO,24,-0.0049138460650014915,4.3806911029465706e-4,-0.08914994578580152,-0.004475776954706834,-0.005351915175296149
Valine,HP_MO,48,-0.002217512306389684,1.349840100460329e-4,-0.06087182003774284,-0.002082528296343651,-0.002352496316435717
Valine,HP_MO,72,-0.0011692428244454562,7.691081212447813e-5,-0.06577830585443625,-0.0010923320123209781,-0.0012461536365699342
Valine,LP_TR,4,-0.009175618866148483,0.0012289133186477409,-0.13393247219340793,-0.007946705547500741,-0.010404532184796225
Valine,LP_TR,24,-0.004313130564674922,5.536218120027721e-4,-0.1283573042135575,-0.0037595087526721502,-0.0048667523766776945
Valine,LP_TR,48,-0.002247146484643827,2.148859974574283e-4,-0.095626163637252945,-0.0020322604871863986,-0.0024620324821012555
Valine,LP_TR,72,-0.0013220539580828217,1.1489399701236381e-4,-0.0869056790836113,-0.001207159961070458,-0.0014369479550951855
Valine,LP_MO,4,-0.008978605016330217,0.002234305259789969,-0.24884770582136442,-0.0067442997565402485,-0.011212910276120185
Valine,LP_MO,24,-0.0042085984736616,7.53646072644725e-4,-0.1790729330348855,-0.0034549524010168754,-0.004962244546306326
Valine,LP_MO,48,-0.0023371666260240762,2.2961255674456803e-4,-0.09824398234505796,-0.002107554069279508,-0.0025667791827686443
Valine,LP_MO,72,-0.0013863884732273467,1.4751910970554931e-4,-0.10640532040932398,-0.0012388693635217974,-0.0015339075829328961
alpha-Ketoglutaric acid,HP_TR,4,8.89896353606799e-5,1.8071543499299125e-5,0.2030746999474058,1.0706117885997903e-4,7.091809186138078e-5
alpha-Ketoglutaric acid,HP_TR,24,8.961752579633153e-5,2.1069037622474314e-5,0.23509952361725175,1.1068656341880584e-4,6.854848817385722e-5
alpha-Ketoglutaric acid,HP_TR,48,1.2197752953163672e-4,3.2283136045214396e-5,0.2646646162549249,1.5426066557685112e-4,8.969439348642232e-5
alpha-Ketoglutaric acid,HP_TR,72,1.8691853222580174e-4,5.732102229745885e-5,0.30666313080296276,2.442395545232606e-4,1.295975099283429e-4
alpha-Ketoglutaric acid,HP_MO,4,1.16687311906736e-4,2.4552763505286624e-5,0.21041502374234802,1.4124007541202262e-4,9.213454840144937e-5
alpha-Ketoglutaric acid,HP_MO,24,1.1254428468399248e-4,2.6057736342177023e-5,0.2315331819411643,1.386020210261695e-4,8.648654834181546e-5
alpha-Ketoglutaric acid,HP_MO,48,1.6873275754381302e-4,4.482276711393488e-5,0.26564354050988725,2.135555246577479e-4,1.2390999042987815e-4
alpha-Ketoglutaric acid,HP_MO,72,2.9557625775397553e-4,9.215802691812006e-5,0.31179103361822885,3.877342846720956e-4,2.0341823083585547e-4
alpha-Ketoglutaric acid,LP_TR,4,5.5250694817126145e-5,1.563373358150431e-5,0.28295994526856694,7.088442839863046e-5,3.9616961235621835e-5
alpha-Ketoglutaric acid,LP_TR,24,5.182675436609262e-5,1.7127213769914233e-5,0.3304705065829787,6.895396813600684e-5,3.4699540596178385e-5
alpha-Ketoglutaric acid,LP_TR,48,6.186765076339797e-5,2.350536339262197e-5,0.37992978725689985,8.537301415601994e-5,3.8362287370776e-5
alpha-Ketoglutaric acid,LP_TR,72,8.339735115983869e-5,3.6493633647039764e-5,0.4375874430003941,1.1989098480687845e-4,4.6903717512798926e-5
alpha-Ketoglutaric acid,LP_MO,4,7.075669849276805e-5,2.5514289752598275e-5,0.3605918633301702,9.627098824536632e-5,4.5242408740169774e-5
alpha-Ketoglutaric acid,LP_MO,24,7.296311115976484e-5,2.6980076190637484e-5,0.3697769429206511,9.994318735040232e-5,4.598303496912735e-5
alpha-Ketoglutaric acid,LP_MO,48,1.0436241374506914e-4,4.238910833447805e-5,0.4061721726561813,1.467515220795472e-4,6.19733054105911e-5
alpha-Ketoglutaric acid,LP_MO,72,1.594512639418754e-4,7.558298630875687e-5,0.4740193614038021,2.3503425025063227e-4,8.386827763311853e-5
Choline,HP_TR,4,-0.0035775591653136466,3.818223838652547e-4,-0.10672706340323519,-0.003195736781448392,-0.003959381549178902
Choline,HP_TR,24,-0.0010543573907482902,1.0881065568719356e-4,-0.10320092280091983,-9.455467350610966e-4,-0.0011631680464354837
Choline,HP_TR,48,-3.2846698925313305e-4,3.056148700778502e-5,-0.09304279579898,-2.97905502245348e-4,-3.590284762609181e-4
Choline,HP_TR,72,-1.1520763412154124e-4,1.4989451013105033e-5,-0.13010814020615621,-1.002181831084362e-4,-1.3019708513464627e-4
Choline,HP_MO,4,-0.004796249543928869,6.500241737768177e-4,-0.1355275966822084,-0.004146225370152051,-0.005446273717705686
Choline,HP_MO,24,-9.546413649733893e-4,9.723313462372109e-5,-0.10185304994240582,-8.574082303496682e-4,-0.0010518744995971104
Choline,HP_MO,48,-2.154183071729476e-4,3.686564164136208e-5,-0.17113513760817306,-1.7855266553158552e-4,-2.522839488143097e-4
Choline,HP_MO,72,-5.679618330758462e-5,1.633352659711631e-5,-0.28758141209349736,-4.046265671046831e-5,-7.312970990470093e-5
Choline,LP_TR,4,-0.003705003662372932,4.7871084681364284e-4,-0.12920657857246068,-0.003226292815559289,-0.004183714509186575
Choline,LP_TR,24,-7.267375645581309e-4,9.482242840454332e-5,-0.1304768502811562,-6.319151361535876e-4,-8.215599929626742e-4
Choline,LP_TR,48,-1.326583103831919e-4,2.6993755790872145e-5,-0.2034833378542134,-1.0566455459231976e-4,-1.5965206617406404e-4
Choline,LP_TR,72,-2.7344521771980325e-5,8.808821221903024e-6,-0.3221420837181852,-1.8535700550077304e-5,-3.615334299388335e-5
Choline,LP_MO,4,-0.004271275979617027,0.0010003857081015523,-0.23421237889462,-0.0032708902715154744,-0.0052716616877185795
Choline,LP_MO,24,-6.023141973990622e-4,1.1022624762298228e-4,-0.1830045648914898,-4.920879497760799e-4,-7.125404450220445e-4
Choline,LP_MO,48,-7.913698334198517e-5,1.8439482647141306e-5,-0.23300714619682072,-6.069750069484387e-5,-9.757646598912648e-5
Choline,LP_MO,72,-1.1106544529615458e-5,4.083927040146378e-6,-0.36770455736765284,-7.02261748946908e-6,-1.5190471569761835e-5
Citric acid,HP_TR,4,3.1724111207448365e-4,5.825249640258772e-5,0.1836221542084081,3.7549360847707137e-4,2.5898861567189593e-4
Citric acid,HP_TR,24,2.79601935394712e-4,5.90269860260749e-5,0.21111079200058802,3.3862892142078694e-4,2.2057494936863714e-4
Citric acid,HP_TR,48,3.2429756045214967e-4,7.476014289780917e-5,0.23052946434001953,3.9905770334995887e-4,2.495374175543405e-4
Citric acid,HP_TR,72,4.2347993274134904e-4,1.107069116228484e-4,0.26142185984162186,5.341868443641975e-4,3.1277302111850063e-4
Citric acid,HP_MO,4,4.627430138991251e-4,7.999481337913238e-5,0.17287092614340518,5.427378272782575e-4,3.8274820051999273e-4
Citric acid,HP_MO,24,3.97540444151819e-4,7.401049967034667e-5,0.18617099406892643,4.7155094382216566e-4,3.2352994448147233e-4
Citric acid,HP_MO,48,5.187370200294701e-4,1.0785031048862088e-4,0.2079094152225607,6.265873305180909e-4,4.108867095408492e-4
Citric acid,HP_MO,72,7.908740947163205e-4,1.909478921038399e-4,0.24143905253633474,9.818219868201604e-4,5.999262026124806e-4
Citric acid,LP_TR,4,4.5261560406271236e-4,5.803765545899995e-5,0.12822725274614818,5.106532595217123e-4,3.945779486037124e-4
Citric acid,LP_TR,24,4.4139390452653814e-4,6.432810521727749e-5,0.14573854454623503,5.057220097438157e-4,3.7706579930926065e-4
Citric acid,LP_TR,48,5.520680244814641e-4,7.690549966029607e-5,0.13930439049160726,6.289735241417602e-4,4.751625248211681e-4
Citric acid,LP_TR,72,7.797185643564551e-4,1.1329686349267714e-4,0.14530481724029146,8.930154278491322e-4,6.66421700863778e-4
Citric acid,LP_MO,4,5.032324136504724e-4,1.2073787556380601e-4,0.23992467950934954,6.239702892142785e-4,3.824945380866664e-4
Citric acid,LP_MO,24,5.368738763102087e-4,1.0236764061644707e-4,0.19067353643651397,6.392415169266558e-4,4.345062356937617e-4
Citric acid,LP_MO,48,7.99897798609585e-4,1.1465052795378721e-4,0.1433314707867398,9.145483265633722e-4,6.852472706557977e-4
Citric acid,LP_MO,72,0.0012730334375287216,2.000544114669238e-4,0.15714780583869015,0.0014730878489956454,0.0010729790260617978
Cystine,HP_TR,4,-0.0011152696568575214,2.4777139662750795e-4,-0.22216277032556386,-8.674982602300135e-4,-0.0013630410534850293
Cystine,HP_TR,24,-3.7046987926550313e-4,5.6247700903958725e-5,-0.1518280002020027,-3.142221783615444e-4,-4.2671758016946186e-4
Cystine,HP_TR,48,-1.332364894977487e-4,2.5882210629672484e-5,-0.19425767465983723,-1.073542788680762e-4,-1.5911870012742118e-4
Cystine,HP_TR,72,-5.3948466512845714e-5,1.824263480090423e-5,-0.33814927429977015,-3.570583171194148e-5,-7.219110131374994e-5
Cystine,HP_MO,4,-0.0010538715776110018,NA,NA,NA,NA
Cystine,HP_MO,24,-2.8322155416995434e-4,NA,NA,NA,NA
Cystine,HP_MO,48,-9.163234906690572e-5,NA,NA,NA,NA
Cystine,HP_MO,72,-3.463901405620835e-5,NA,NA,NA,NA
Cystine,LP_TR,4,-3.3185600794185876e-4,1.608295501660068e-4,-0.48463654813259904,-1.7102645777585196e-4,-4.926855581078656e-4
Cystine,LP_TR,24,-1.5424472931175551e-4,5.3065673857332985e-5,-0.34403557317072403,-1.0117905545442254e-4,-2.073104031690885e-4
Cystine,LP_TR,48,-7.928174525694531e-5,1.940263784697975e-5,-0.2447302059773971,-5.987910740996556e-5,-9.868438310392505e-5
Cystine,LP_TR,72,-4.601665958848622e-5,1.4695840619076513e-5,-0.31935913537612676,-3.132081896940971e-5,-6.071250020756273e-5
Cystine,LP_MO,4,-5.475671229692215e-4,1.6774202502905462e-4,-0.3063405708499473,-3.798250979401669e-4,-7.153091479982761e-4
Cystine,LP_MO,24,-1.9093944752631627e-4,3.819763225838704e-5,-0.20005102535515842,-1.5274181526792922e-4,-2.291370797847033e-4
Cystine,LP_MO,48,-7.435042392549953e-5,1.5225969366822041e-5,-0.20478658443264208,-5.912445455867749e-5,-8.957639329232157e-5
Cystine,LP_MO,72,-3.0925328146735065e-5,1.097122759983207e-5,-0.3547651151113284,-1.9954100546902997e-5,-4.189655574656713e-5
Deoxyuridine,HP_TR,4,2.247768482894357e-5,8.183295955947235e-6,0.3640631149614639,3.0660980784890804e-5,1.4294388872996334e-5
Deoxyuridine,HP_TR,24,3.144348483130879e-5,1.2999452703903233e-5,0.4134227733867292,4.444293753521203e-5,1.844403212740556e-5
Deoxyuridine,HP_TR,48,6.348750247075099e-5,3.065175948352329e-5,0.4827998943200626,9.413926195427427e-5,3.28357429872277e-5
Deoxyuridine,HP_TR,72,1.4432164108678936e-4,8.219177231975528e-5,0.5695041415883595,2.2651341340654464e-4,6.212986876703408e-5
Deoxyuridine,HP_MO,4,2.6094428838735387e-5,9.127925155631267e-6,0.34980360030266267,3.522235399436665e-5,1.6966503683104122e-5
Deoxyuridine,HP_MO,24,3.3291134870542635e-5,1.2961635027044285e-5,0.3893419397520531,4.625276989758692e-5,2.032949984349835e-5
Deoxyuridine,HP_MO,48,6.982030681895798e-5,3.1830550659014845e-5,0.45589244890530967,1.0165085747797283e-4,3.798975615994314e-5
Deoxyuridine,HP_MO,72,1.7109175808336754e-4,9.22311785194091e-5,0.5390743514042786,2.6332293660277664e-4,7.886057956395844e-5
Deoxyuridine,LP_TR,4,3.090688772213391e-6,NA,NA,NA,NA
Deoxyuridine,LP_TR,24,7.224525755931733e-6,NA,NA,NA,NA
Deoxyuridine,LP_TR,48,2.5796709803133203e-5,NA,NA,NA,NA
Deoxyuridine,LP_TR,72,1.0401555987424442e-4,NA,NA,NA,NA
Deoxyuridine,LP_MO,4,4.399150960614952e-6,1.3089357386915479e-6,0.29754281005818756,5.7080866993065e-6,3.090215221923404e-6
Deoxyuridine,LP_MO,24,1.0402781485055328e-5,2.8169139663546782e-6,0.27078469065234784,1.3219695451410005e-5,7.585867518700649e-6
Deoxyuridine,LP_MO,48,4.0283207137667614e-5,1.0736254047240844e-5,0.26651934664858634,5.101946118490846e-5,2.954695309042677e-5
Deoxyuridine,LP_MO,72,1.6662558340224884e-4,5.15193776580725e-5,0.3091924817673417,2.1814496106032134e-4,1.1510620574417635e-4
Fumaric acid,HP_TR,4,5.816665766300618e-5,9.93171983275503e-6,0.17074592613341052,6.809837749576121e-5,4.823493783025115e-5
Fumaric acid,HP_TR,24,6.306737159622722e-5,1.2374039329579646e-5,0.19620350454433524,7.544141092580686e-5,5.069333226664757e-5
Fumaric acid,HP_TR,48,9.379596054424904e-5,2.0162039092888155e-5,0.21495636886597627,1.139579996371372e-4,7.363392145136088e-5
Fumaric acid,HP_TR,72,1.5705406593326599e-4,3.89700700668716e-5,0.24813155797845063,1.9602413600013758e-4,1.180839958663944e-4
Fumaric acid,HP_MO,4,6.541519571820516e-5,1.4939216733102365e-5,0.22837532730861732,8.035441245130752e-5,5.0475978985102796e-5
Fumaric acid,HP_MO,24,6.139856083656343e-5,1.5572822673615224e-5,0.25363497875900476,7.697138351017864e-5,4.58257381629482e-5
Fumaric acid,HP_MO,48,8.909428239481081e-5,2.60942999430863e-5,0.29288411379141577,1.1518858233789711e-4,6.29999824517245e-5
Fumaric acid,HP_MO,72,1.510551930034225e-4,5.191088800054595e-5,0.34365510359759555,2.0296608100396846e-4,9.914430500287655e-5
Fumaric acid,LP_TR,4,4.21211506647622e-5,6.2619623639455195e-6,0.14866551044115148,4.838311302870772e-5,3.585918830081668e-5
Fumaric acid,LP_TR,24,4.4341351625503136e-5,7.543278554006008e-6,0.17011837207207406,5.188463017950914e-5,3.679807307149713e-5
Fumaric acid,LP_TR,48,6.078962429549982e-5,1.0627194521378214e-5,0.17481921700517783,7.141681881687804e-5,5.0162429774121603e-5
Fumaric acid,LP_TR,72,9.410853434493402e-5,1.8058640745177e-5,0.1918916373618895,1.1216717509011103e-4,7.604989359975702e-5
Fumaric acid,LP_MO,4,4.048419533508355e-5,1.0946804849227151e-5,0.27039699711508564,5.14310001843107e-5,2.95373904858564e-5
Fumaric acid,LP_MO,24,4.40185955467214e-5,1.0577649240535516e-5,0.24029956224542387,5.4596244787256915e-5,3.344094630618588e-5
Fumaric acid,LP_MO,48,6.709571988170365e-5,1.5219065440054125e-5,0.2268261741119528,8.231478532175778e-5,5.187665444164953e-5
Fumaric acid,LP_MO,72,1.0924373294456042e-4,2.845867724936674e-5,0.2605062687102527,1.3770241019392716e-4,8.078505569519368e-5
Homoserine,HP_TR,4,-0.001099384926274866,1.4666878821501748e-4,-0.13340985919461992,-9.527161380598484e-4,-0.0012460537144898835
Homoserine,HP_TR,24,-6.079496371008508e-4,7.690090381434463e-5,-0.1264922275158588,-5.310487332865062e-4,-6.848505409151954e-4
Homoserine,HP_TR,48,-4.030432489446945e-4,3.559500956406161e-5,-0.08831560795835573,-3.674482393806329e-4,-4.386382585087561e-4
Homoserine,HP_TR,72,-3.0083013862559465e-4,2.0128157640397793e-5,-0.06690871377567915,-2.8070198098519684e-4,-3.2095829626599246e-4
Homoserine,HP_MO,4,-0.001532896500503821,2.204210942658418e-4,-0.14379385313580886,-0.0013124754062379792,-0.0017533175947696629
Homoserine,HP_MO,24,-6.808424507689484e-4,7.800094742239759e-5,-0.11456534082782699,-6.028415033465509e-4,-7.588433981913459e-4
Homoserine,HP_MO,48,-4.0253473842130746e-4,3.069684079313339e-5,-0.07625886131846082,-3.7183789762817407e-4,-4.3323157921444085e-4
Homoserine,HP_MO,72,-2.7807009683566953e-4,1.7191903562640228e-5,-0.061825790540865275,-2.608781932730293e-4,-2.9526200039830977e-4
Homoserine,LP_TR,4,-0.0010291388857628357,1.6699805353207763e-4,-0.16226969541462086,-8.62140832230758e-4,-0.0011961369392949133
Homoserine,LP_TR,24,-5.575543321272471e-4,8.366316527449328e-5,-0.15005383413539575,-4.738911668527538e-4,-6.412174974017404e-4
Homoserine,LP_TR,48,-3.4443964548780414e-4,3.786667094892463e-5,-0.1099370279959988,-3.065729745388795e-4,-3.8230631643672877e-4
Homoserine,LP_TR,72,-2.4028025877083465e-4,2.0239843357844383e-5,-0.08423431646603964,-2.2004041541299026e-4,-2.6052010212867903e-4
Homoserine,LP_MO,4,-8.655057536402546e-4,2.1882512989391837e-4,-0.2528292030105585,-6.466806237463362e-4,-0.001084330883534173
Homoserine,LP_MO,24,-4.880004316572062e-4,9.14779481565984e-5,-0.18745464598452793,-3.9652248350060783e-4,-5.794783798138047e-4
Homoserine,LP_MO,48,-3.382504111125371e-4,3.559479508139812e-5,-0.10523208224440445,-3.0265561603113895e-4,-3.738452061939352e-4
Homoserine,LP_MO,72,-2.504376039904932e-4,2.2240583434235054e-5,-0.08880688474834364,-2.2819702055625814e-4,-2.7267818742472824e-4
Isocitric acid,HP_TR,4,2.0073966746481014e-5,1.1998966144947954e-5,0.5977376717061358,3.207293289142897e-5,8.07500060153306e-6
Isocitric acid,HP_TR,24,1.8565092558916446e-5,1.3053081124132448e-5,0.7030980902846785,3.1618173683048894e-5,5.512011434783998e-6
Isocitric acid,HP_TR,48,2.2813739475511982e-5,1.9038965323843836e-5,0.834539438143407,4.185270479935582e-5,3.774774151668146e-6
Isocitric acid,HP_TR,72,3.156323305378067e-5,3.078181828971431e-5,0.9752428795004965,6.234505134349498e-5,7.814147640663587e-7
Isocitric acid,HP_MO,4,2.6584761477037738e-5,8.630194573332081e-6,0.3246293776525438,3.521495605036982e-5,1.7954566903705658e-5
Isocitric acid,HP_MO,24,2.872192164378606e-5,1.0546489666722841e-5,0.3671930380397983,3.9268411310508904e-5,1.8175431977063218e-5
Isocitric acid,HP_MO,48,4.9343113547841294e-5,2.140953887900204e-5,0.4338911215694593,7.075265242684333e-5,2.7933574668839253e-5
Isocitric acid,HP_MO,72,9.904528139052084e-5,5.097108020579753e-5,0.5146240132816234,1.5001636159631837e-4,4.807420118472331e-5
Isocitric acid,LP_TR,4,3.298571432204625e-5,1.3166500172465725e-5,0.39915764879057947,4.615221449451198e-5,1.981921414958053e-5
Isocitric acid,LP_TR,24,4.1456923605196586e-5,1.9044829550455454e-5,0.4593883938862314,6.0501753155652044e-5,2.2412094054741133e-5
Isocitric acid,LP_TR,48,7.030279251123515e-5,3.796984371188213e-5,0.5400901209694358,1.0827263622311729e-4,3.233294879935302e-5
Isocitric acid,LP_TR,72,1.3462542871075218e-4,8.561986475877425e-5,0.6359858280765944,2.2024529346952645e-4,4.9005563951977927e-5
Isocitric acid,LP_MO,4,3.781657532304038e-5,1.904290900041539e-5,0.5035598500854512,5.685948432345577e-5,1.877366632262499e-5
Isocitric acid,LP_MO,24,4.051873068395104e-5,2.2422162610767008e-5,0.5533777152512861,6.294089329471805e-5,1.8096568073184034e-5
Isocitric acid,LP_MO,48,6.068229887390475e-5,3.883224123664907e-5,0.6399269961301371,9.951454011055381e-5,2.1850057637255682e-5
Isocitric acid,LP_MO,72,9.707587156182675e-5,7.303158522433212e-5,0.752314494316118,1.7010745678615888e-4,2.4044286337494638e-5
Malic acid,HP_TR,4,1.1919705338690761e-4,1.7624473811472427e-5,0.1478599790068994,1.3682152719838003e-4,1.0157257957543518e-4
Malic acid,HP_TR,24,1.299972789250644e-4,2.1911073615132674e-5,0.16855024809990898,1.519083525401971e-4,1.0808620530993173e-4
Malic acid,HP_TR,48,1.9469706712129035e-4,3.4554887767024635e-5,0.17748026859335272,2.29251954888315e-4,1.601421793542657e-4
Malic acid,HP_TR,72,3.282994856891732e-4,6.636236131761465e-5,0.20213970539218296,3.946618470067878e-4,2.619371243715585e-4
Malic acid,HP_MO,4,1.1870153301223008e-4,2.3658977531614248e-5,0.19931484397237406,1.4236051054384433e-4,9.504255548061584e-5
Malic acid,HP_MO,24,1.0849067538059673e-4,2.3683418945392548e-5,0.2182991198304243,1.3217409432598928e-4,8.480725643520418e-5
Malic acid,HP_MO,48,1.5248667747129027e-4,3.790785083588896e-5,0.24859778876765243,1.9039452830717923e-4,1.145788266354013e-4
Malic acid,HP_MO,72,2.504180179969488e-4,7.275348460264686e-5,0.2905281544219127,3.2317150259959565e-4,1.7766453339430194e-4
Malic acid,LP_TR,4,7.400243082110968e-5,1.0061366602564313e-5,0.13595994740883893,8.406379742367399e-5,6.394106421854536e-5
Malic acid,LP_TR,24,7.646191574647168e-5,1.1843607523979096e-5,0.15489551116204694,8.830552327045078e-5,6.461830822249258e-5
Malic acid,LP_TR,48,1.0250246126496211e-4,1.5683763384921386e-5,0.15300865161061733,1.181862246498835e-4,8.681869788004072e-5
Malic acid,LP_TR,72,1.5516809588287438e-4,2.5406820674681038e-5,0.1637374005920578,1.805749165575554e-4,1.2976127520819336e-4
Malic acid,LP_MO,4,7.111174744798007e-5,1.774969464362821e-5,0.24960284735813212,8.886144209160828e-5,5.336205280435186e-5
Malic acid,LP_MO,24,7.688518382730397e-5,1.590168815193949e-5,0.2068238295125514,9.278687197924347e-5,6.098349567536448e-5
Malic acid,LP_MO,48,1.164024323141721e-4,2.006572179483181e-5,0.17238232394211567,1.3646815410900393e-4,9.63367105193403e-5
Malic acid,LP_MO,72,1.8824546982227958e-4,3.641449695092114e-5,0.1934415579046851,2.246599667732007e-4,1.5183097287135844e-4
4-Hydroxy-proline,HP_TR,4,0.00831771643394219,0.003414927832419935,0.4105607421869546,0.011732644266362125,0.0049027886015222556
4-Hydroxy-proline,HP_TR,24,0.011681526624812501,0.005449823752884225,0.4665335215097966,0.017131350377696725,0.0062317028719282765
4-Hydroxy-proline,HP_TR,48,0.02369828135886476,0.012970447010081734,0.5473159345890671,0.036668728368946496,0.010727834348783025
4-Hydroxy-proline,HP_TR,72,0.0541277213701317,0.034995372784286154,0.6465332716480654,0.08912309415441785,0.019132348585845546
4-Hydroxy-proline,HP_MO,4,0.016283395992445382,0.01065927657939817,0.6546101675807369,0.026942672571843553,0.005624119413047211
4-Hydroxy-proline,HP_MO,24,0.015027893518607754,0.011432617322221965,0.7607598036322212,0.026460510840829718,0.0035952761963857893
4-Hydroxy-proline,HP_MO,48,0.02136968132018762,0.019451081446313325,0.9102186015258065,0.04082076276650094,0.0019185998738742958
4-Hydroxy-proline,HP_MO,72,0.03550521652774609,0.038197624767039515,1.0758313426194543,0.0737028412947856,-0.0026924082392934257
4-Hydroxy-proline,LP_TR,4,0.004169259573333279,0.005003742685536358,1.2001513931971184,0.009173002258869637,-8.344831122030789e-4
4-Hydroxy-proline,LP_TR,24,0.003370104147426242,0.004549635826403343,1.3499985838354323,0.007919739973829585,-0.0011795316789771013
4-Hydroxy-proline,LP_TR,48,0.0033650744618978702,0.005146086137072537,1.5292636746499193,0.008511160598970407,-0.0017810116751746665
4-Hydroxy-proline,LP_TR,72,0.0037942422311321986,0.006494085764628107,1.7115633027705448,0.010288327995760306,-0.002699843533495908
4-Hydroxy-proline,LP_MO,4,0.004382882631541002,0.002890805353387385,0.6595671379799168,0.007273687984928387,0.001492077278153617
4-Hydroxy-proline,LP_MO,24,0.0037620697435688066,0.0027365152822283302,0.7273962123924884,0.006498585025797136,0.0010255544613404764
4-Hydroxy-proline,LP_MO,48,0.004317825383756994,0.0035479454945561936,0.8216973080715648,0.007865770878313187,7.698798892008005e-4
4-Hydroxy-proline,LP_MO,72,0.005293542299951535,0.004928756675592267,0.9310885596658768,0.010222298975543803,3.647856243592677e-4
Alanine,HP_TR,4,0.005146984269983992,0.0013569803689498765,0.2636457190793196,0.006503964638933869,0.0037900039010341155
Alanine,HP_TR,24,0.001379437709295758,0.0010266739200030575,0.7442698666888,0.0024061116292988156,3.527637892927005e-4
Alanine,HP_TR,48,-0.0010105586942392014,0.0011781227619047931,-1.1658132957747123,1.675640676655917e-4,-0.0021886814561439946
Alanine,HP_TR,72,-0.003076112003834551,0.0015079219975544322,-0.4902038663334497,-0.0015681900062801187,-0.004584034001388983
Alanine,HP_MO,4,0.008360169934539688,0.0016922229035665319,0.20241489309627364,0.01005239283810622,0.006667947030973156
Alanine,HP_MO,24,0.0020362726694450454,0.0010184959114567097,0.5001765857488453,0.003054768580901755,0.0010177767579883357
Alanine,HP_MO,48,-0.001153555446952832,0.0011158614643079325,-0.9673236490326755,-3.769398264489958e-5,-0.0022694169112607646
Alanine,HP_MO,72,-0.0038399847345169363,0.001428988000285018,-0.37213377111635376,-0.002410996734231918,-0.005268972734801954
Alanine,LP_TR,4,0.009065779739301182,0.0016265672296655487,0.1794183486075881,0.010692346968966732,0.007439212509635634
Alanine,LP_TR,24,0.004557118802154663,0.001205989707924148,0.26463863688476613,0.005763108510078811,0.0033511290942305145
Alanine,LP_TR,48,0.0020299905062082834,0.001243125367716969,0.6123798923764131,0.0032731158739252525,7.868651384913144e-4
Alanine,LP_TR,72,2.2436440601118787e-4,0.001541597150928026,6.870952386499107,0.0017659615569392139,-0.001317232744916838
Alanine,LP_MO,4,0.008746248277667908,0.002845876114261568,0.3253824981767371,0.011592124391929476,0.00590037216340634
Alanine,LP_MO,24,0.004320840105855383,0.001860087329752864,0.4304920534393689,0.006180927435608247,0.002460752776102519
Alanine,LP_MO,48,0.0018220391032721895,0.0021551695925277376,1.182833885758698,0.0039772086957999275,-3.33130489255548e-4
Alanine,LP_MO,72,-3.581266236727889e-4,0.002817277181061174,-7.86670689871761,0.002459150557388385,-0.003175403804733963
Pro,HP_TR,4,0.0036645211156137274,0.0019277451621760053,0.5260565027070802,0.0055922662777897324,0.001736775953437722
Pro,HP_TR,24,0.002532694463752818,0.0015151843021933762,0.5982499365313307,0.004047878765946194,0.001017510161559442
Pro,HP_TR,48,0.0021938321821754424,0.0017005653973501897,0.7751574669963494,0.0038943975795256323,4.932667848252528e-4
Pro,HP_TR,72,0.0021390645458905623,0.002140145783448297,1.0005054721512785,0.0042792103293388594,-1.0812375577347669e-6
Pro,HP_MO,4,0.006198347709914299,0.0020472637760768674,0.3302918571028623,0.008245611485991167,0.004151083933837432
Pro,HP_MO,24,0.002987560070015195,0.0013382060611239997,0.44792607671891715,0.004325766131139195,0.001649354008891195
Pro,HP_MO,48,0.0018254132061120924,0.0014385231100165542,0.7880534145364452,0.0032639363161286465,3.868900960955382e-4
Pro,HP_MO,72,0.0011440493531661485,0.0018114974446286206,1.583408477628447,0.0029555467977947694,-6.674480914624721e-4
Pro,LP_TR,4,-0.002381298811000519,0.0015030807626105036,-0.6312020800022883,-8.782180483900154e-4,-0.0038843795736110227
Pro,LP_TR,24,-8.070311394429805e-4,0.0011985092219660063,-1.4850842345355189,3.9147808252302575e-4,-0.002005540361408987
Pro,LP_TR,48,1.8656222163420953e-4,0.001330881031647057,7.133711316198307,0.0015174432532812667,-0.0011443188100128474
Pro,LP_TR,72,9.948811730366898e-4,0.0016551810380733322,1.6636972162426191,0.0026500622111100217,-6.602998650366424e-4
Pro,LP_MO,4,-0.002416106151763158,0.001901538862093758,-0.7870262077293693,-5.145672896693999e-4,-0.004317645013856916
Pro,LP_MO,24,-9.076631253426016e-4,0.0015153841373248614,-1.669544674686297,6.077210119822598e-4,-0.002423047262667463
Pro,LP_MO,48,7.987500690107595e-5,0.0018555073528035346,23.23013699518742,0.0019353823597046105,-0.0017756323459024587
Pro,LP_MO,72,9.914802689322245e-4,0.002411373011324675,2.4320937964016225,0.0034028532802568997,-0.0014198927423924508
Gly,HP_TR,4,4.3815511080894424e-4,7.169657727952143e-4,1.6363286770101018,0.0011551208836041585,-2.7881066198627005e-4
Gly,HP_TR,24,-2.3145915724430885e-4,5.632284452443822e-4,-2.4333815604879505,3.317692880000733e-4,-7.946876024886911e-4
Gly,HP_TR,48,-7.415447535465896e-4,6.389982565564741e-4,-0.8617123288922672,-1.0254649699011553e-4,-0.0013805430101030637
Gly,HP_TR,72,-0.0012359587262035568,8.056214247546548e-4,-0.6518190354375738,-4.30337301448902e-4,-0.0020415801509582115
Gly,HP_MO,4,-0.0020234878390366115,8.542561570632956e-4,-0.4221701463103477,-0.0011692316819733159,-0.002877743996099907
Gly,HP_MO,24,-7.594975645786212e-4,5.638665974174462e-4,-0.7424205471024604,-1.9563096716117495e-4,-0.0013233641619960674
Gly,HP_MO,48,-2.0445705463450982e-4,6.131069069364315e-4,-2.99870751846851,4.086498523019217e-4,-8.175639615709414e-4
Gly,HP_MO,72,2.0933540149964717e-4,7.745628604130316e-4,3.700104496727168,9.838982619126788e-4,-5.652274589133845e-4
Gly,LP_TR,4,-0.0015456034457137634,7.037771723637883e-4,-0.45534135829956196,-8.418262733499751e-4,-0.002249380618077552
Gly,LP_TR,24,-7.320039935206105e-4,5.593546689343562e-4,-0.7641415537149073,-1.7264932458625423e-4,-0.0012913586624549666
Gly,LP_TR,48,-2.6316532764844824e-4,6.172875582855436e-4,-2.345626469115083,3.541222306370953e-4,-8.804528859339919e-4
Gly,LP_TR,72,8.315481112172225e-5,7.672246328724285e-4,9.22646113343175,8.503794439941508e-4,-6.840698217507061e-4
Gly,LP_MO,4,-0.0022087428033366607,8.20566348875808e-4,-0.37150832937008815,-0.0013881764544608527,-0.0030293091522124688
Gly,LP_MO,24,-8.640778111783935e-4,5.557331337582311e-4,-0.643151723801755,-3.083446774201624e-4,-0.0014198109449366247
Gly,LP_MO,48,3.0318551691761037e-6,6.572910442537882e-4,216.7950009407622,6.603228994229642e-4,-6.542591890846121e-4
Gly,LP_MO,72,7.992749341157146e-4,8.533433262360181e-4,1.067646800634531,0.0016526182603517326,-5.4068392120303565e-5
Lac,HP_TR,4,0.3639790903827401,0.058739559322178496,0.16138168613040724,0.4227186497049186,0.3052395310605616
Lac,HP_TR,24,0.09170339358630847,0.039243440830981954,0.42793880680159574,0.13094683441729044,0.052459952755326514
Lac,HP_TR,48,-0.08244800178372974,0.043661437698828194,-0.5295633217813694,-0.03878656408490155,-0.12610943948255793
Lac,HP_TR,72,-0.23385597280738948,0.05605258260874008,-0.23968847977599703,-0.1778033901986494,-0.2899085554161296
Lac,HP_MO,4,0.2047549812881681,0.06726962502381591,0.3285371843000096,0.272024606311984,0.1374853562643522
Lac,HP_MO,24,0.012142356612797786,0.04327714561407825,3.5641471416236494,0.055419502226876034,-0.031134789001280465
Lac,HP_MO,48,-0.09669065617090196,0.04762920548859829,-0.49259367321298414,-0.04906145068230367,-0.14431986165950025
Lac,HP_MO,72,-0.19594048686615664,0.060479607537749405,-0.3086631482091903,-0.13546087932840722,-0.25642009440390606
Lac,LP_TR,4,0.15813850939417598,0.02426111434837487,0.15341686500852,0.18239962374255086,0.1338773950458011
Lac,LP_TR,24,0.04317681777675658,0.015418873304794804,0.3571099978816702,0.05859569108155138,0.02775794447196178
Lac,LP_TR,48,-0.03161548135299224,0.01657274670097958,-0.5241971968081724,-0.015042734652012661,-0.04818822805397182
Lac,LP_TR,72,-0.09421728681958928,0.021342905764984505,-0.22652855421163512,-0.07287438105460478,-0.11556019258457378
Lac,LP_MO,4,0.1027199457260768,0.03981453535866517,0.3876027686466907,0.14253448108474198,0.06290541036741162
Lac,LP_MO,24,0.017391608730205805,0.02695439267626228,1.549850453422851,0.044346001406468084,-0.009562783946056475
Lac,LP_MO,48,-0.046629079567869415,0.03323008239571184,-0.7126471871988143,-0.013398997172157576,-0.07985916196358125
Lac,LP_MO,72,-0.10831763331074565,0.04367171627140863,-0.4031819652680334,-0.06464591703933702,-0.15198934958215427
Nh3,HP_TR,4,0.006945032554492263,0.004889627892293941,0.7040467922833821,0.011834660446786204,0.0020554046621983225
Nh3,HP_TR,24,0.001251621725590572,0.005885613219880388,4.702389787220486,0.0071372349454709594,-0.004633991494289816
Nh3,HP_TR,48,6.62602329757378e-4,0.009844900664765776,14.857932462100816,0.010507502994523153,-0.009182298335008398
Nh3,HP_TR,72,NA,NA,NA,NA,NA
Nh3,HP_MO,4,0.02492866225077354,0.0041543991782270135,0.16665150887100255,0.029083061429000554,0.02077426307254653
Nh3,HP_MO,24,-0.002316233822041922,0.003454739850169097,-1.4915332887780313,0.0011385060281271751,-0.005770973672211019
Nh3,HP_MO,48,-0.004566133171326204,0.00556930635241526,-1.2196986253902207,0.0010031731810890556,-0.010135439523741463
Nh3,HP_MO,72,0.005827329017929127,0.009081066387099119,1.55835827343181,0.014908395405028245,-0.003253737369169992
Nh3,LP_TR,4,0.014636072883781156,0.004114752653377095,0.2811377536891624,0.01875082553715825,0.010521320230404061
Nh3,LP_TR,24,0.0012107408877134811,0.004810356506108922,3.973068519386851,0.006021097393822403,-0.003599615618395441
Nh3,LP_TR,48,-0.004263037611960382,0.007954478819090813,-1.8659180479134694,0.003691441207130432,-0.012217516431051196
Nh3,LP_TR,72,-0.005157772219605334,0.012797844685481443,-2.4812737245036227,0.00764007246587611,-0.017955616905086777
Nh3,LP_MO,4,0.013959356428308657,0.004104461200873244,0.2940294004206144,0.0180638176291819,0.009854895227435413
Nh3,LP_MO,24,-9.804135328945129e-4,0.0032972489291787535,-3.363120579786529,0.0023168353962842404,-0.004277662462073267
Nh3,LP_MO,48,-0.004761192970449303,0.005940680483781084,-1.2477294074515268,0.0011794875133317806,-0.010701873454230387
Nh3,LP_MO,72,-6.588872191793132e-4,0.009902407441765558,-15.02898698520765,0.009243520222586244,-0.010561294660944872
